{
  "Authoken": [
    ""
  ],
  "CreatorBack": [
    "Mid"
  ],
  "BuyerBack": [],
  "OwnerBack": [],
  "MasterBack": [],
  "AdminBack": [],
  "ResponBack": "Babycat Anti Terror",
  "RnameBack": "pk1",
  "SnameBack": "#",
  "BotBack": [],
  "Dalltime": "2025-12-1T00:00:00Z",
  "Logobot": "•",
  "SellerBack": [],
  "BanBack": [],
  "FuckBack": [],
  "LockBack": [],
  "MLimit": "❌",
  "MFfresh": "✔",
  "MuteBack": [],
  "AnnunceBack": [],
  "ProNameBack": [],
  "ProPictureBack": [],
  "ProNoteBack": [],
  "ProAlbumBack": [],
  "ProQrBack": [],
  "ProjoinBack": [],
  "ProInviteBack": [],
  "ProCancelBack": [],
  "ProkickBack": [],
  "GbanBack": {},
  "GadminBack": {},
  "GownerBack": {},
  "TimeBanBack": {},
  "BackupMode": 0,
  "ModPro": 1,
  "ModWar": 0,
  "ModIvent": 1,
  "AutoAjs": 0,
  "RangeAjs": 0
}